Keyword,Currency,Avg. monthly searches,Three month change,YoY change,Competition,Competition (indexed value),Top of page bid (low range),Top of page bid (high range),Ad impression share,Organic impression share,Organic average position,In account?,In plan?,Searches: Jul 2022,Searches: Aug 2022,Searches: Sep 2022,Searches: Oct 2022,Searches: Nov 2022,Searches: Dec 2022,Searches: Jan 2023,Searches: Feb 2023,Searches: Mar 2023,Searches: Apr 2023,Searches: May 2023,Searches: Jun 2023
servicios financieros,ARS,880,0%,0%,Medium,36,24.57,480.39,,,,,,880,880,880,880,880,720,880,720,880,1000,1000,1000
sector economico,ARS,2400,-19%,0%,Low,0,10.59,76.88,,,,,,1300,2400,2400,2400,3600,1600,210,1300,3600,3600,4400,2900
sectores economicos,ARS,2400,-19%,0%,Low,0,10.59,76.88,,,,,,1300,2400,2400,2400,3600,1600,210,1300,3600,3600,4400,2900
sector cuaternario,ARS,880,0%,0%,Low,0,,,,,,,,590,1000,880,1000,1300,390,50,260,1000,1300,1600,1300
sector primario secundario y terciario,ARS,1000,0%,30%,Low,0,,,,,,,,590,1000,1000,1000,1600,720,90,390,1000,1300,1600,1300
sectores de la economia,ARS,1000,-19%,-19%,Low,1,9.74,76.88,,,,,,720,1000,1000,880,1600,880,110,590,1600,1600,1600,1300
sector terciario ejemplos,ARS,880,-19%,0%,Low,0,,,,,,,,590,1000,880,880,1000,390,40,260,1300,1600,1600,1300
auditoria financiera,ARS,70,-22%,0%,Medium,37,34.67,132.17,,,,,,70,70,70,70,70,40,40,40,90,90,90,70
instituciones financieras,ARS,390,0%,23%,Low,14,39.93,109.31,,,,,,390,480,390,390,480,480,320,390,480,480,480,480
entidades financieras,ARS,720,0%,0%,Low,25,44.25,148.71,,,,,,590,880,880,880,480,320,260,260,880,1000,1000,1000
economia informal,ARS,720,-19%,50%,Low,1,1.42,158.35,,,,,,170,260,260,260,210,110,2400,1300,1300,480,590,390
intermediarios financieros,ARS,210,-19%,-35%,Low,17,42.26,106.48,,,,,,140,210,260,320,260,170,210,90,140,210,210,170
financieros,ARS,4400,-19%,0%,Medium,37,35.63,110.31,,,,,,4400,4400,4400,4400,4400,2900,4400,4400,5400,5400,5400,4400
banco financiero,ARS,390,22%,0%,Medium,41,4.33,162.34,,,,,,320,480,480,390,320,320,320,320,390,320,390,390
banco de servicios financieros,ARS,2900,0%,21%,Low,26,3.61,51.22,,,,,,2400,2900,2900,2900,2400,2400,2900,2400,2900,2900,2900,2900
control financiero,ARS,210,-18%,-33%,Low,33,31.02,137.39,,,,,,590,210,170,210,210,110,110,110,170,170,170,140
asesoria financiera,ARS,1900,-21%,46%,Medium,61,78.45,318.55,,,,,,1600,1900,1900,1600,1600,1300,2400,1900,2400,2400,2400,1900
servicio financiero carrefour,ARS,5400,0%,0%,Low,32,3.60,10.10,,,,,,5400,5400,5400,5400,5400,5400,5400,5400,5400,5400,6600,5400
sector economico de una empresa,ARS,40,25%,25%,Low,1,,,,,,,,20,40,30,30,40,20,10,20,70,40,70,50
grupo financiero,ARS,40,0%,-20%,Low,27,19.80,77.43,,,,,,20,40,30,50,40,20,30,30,40,40,50,40
sector primario de la economia,ARS,210,-33%,24%,Low,0,,,,,,,,110,210,210,210,320,140,20,90,260,390,390,260
los sectores economicos,ARS,90,0%,0%,Low,0,,,,,,,,50,90,70,90,110,50,10,20,140,110,110,110
superintendencia de bancos e instituciones financieras,ARS,10,0%,0%,Low,0,,,,,,,,10,10,10,10,0,10,10,10,10,10,10,10
iudu compañia financiera,ARS,720,-34%,-79%,Low,25,36.59,181.62,,,,,,1000,1000,1300,1300,1300,880,720,480,390,320,260,210
sectores empresariales,ARS,40,25%,-29%,Low,7,24.03,42.24,,,,,,40,50,40,70,70,20,20,20,50,40,70,50
auditoria de estados financieros,ARS,10,0%,0%,Low,27,,,,,,,,10,10,10,10,10,10,10,10,10,10,20,10
acceso financiero,ARS,110,133%,2000%,Low,13,32.76,127.09,,,,,,10,20,0,10,10,10,140,480,170,90,90,210
sectores económicos ejemplos,ARS,90,-35%,-21%,Low,0,,,,,,,,70,110,110,50,90,50,10,40,140,170,170,110
asesor financiero que hace,ARS,110,-21%,22%,Medium,40,31.56,240.26,,,,,,110,110,110,110,110,90,110,140,140,140,140,110
consultoria financiera,ARS,260,-19%,0%,Medium,56,69.09,249.46,,,,,,210,320,260,210,210,210,210,210,260,260,210,210
sectores de producción,ARS,590,-18%,-33%,Low,1,14.55,39.29,,,,,,320,720,590,590,880,480,50,210,720,720,880,590
intereses financieros,ARS,140,-46%,0%,Low,10,16.10,71.25,,,,,,110,140,140,140,170,110,90,110,210,260,170,140
administración bancaria y financiera,ARS,20,100%,100%,Medium,64,49.01,190.13,,,,,,10,20,10,20,10,20,10,10,50,10,10,20
banco servicios financieros,ARS,880,-18%,0%,Low,25,3.57,36.01,,,,,,720,880,720,720,720,720,880,720,880,880,880,720
banco financiero carrefour,ARS,720,-18%,0%,Low,30,3.55,30.69,,,,,,590,720,720,720,720,720,720,590,720,720,880,590
falabella inversiones financieras sa,ARS,10,0%,0%,Low,0,,,,,,,,10,10,0,10,10,0,0,10,0,10,0,10
bancodeserviciosfinancieros com ar carrefour,ARS,480,0%,0%,Low,32,3.55,61.98,,,,,,590,590,590,480,480,390,590,480,480,480,590,480
servicios financieros sa,ARS,10,0%,0%,Medium,41,5.23,63.88,,,,,,10,10,10,10,10,10,10,10,10,10,10,10
reba compañia financiera,ARS,880,0%,238%,Low,29,27.05,293.24,,,,,,480,720,880,590,880,880,1000,1300,1000,880,1000,880
came servicios financieros,ARS,10,-100%,-100%,Unknown,,,,,,,,,0,10,10,0,10,10,10,0,10,10,0,0
asesor financiero personal,ARS,50,0%,133%,Medium,65,71.91,262.10,,,,,,40,40,50,70,50,30,70,70,50,70,50,70
instituciones financieras no bancarias,ARS,10,100%,0%,Low,9,,,,,,,,10,10,10,10,10,10,10,10,20,10,10,20
creditos financieros,ARS,110,89%,55%,Medium,59,49.43,204.63,,,,,,70,110,140,110,90,50,90,90,140,90,110,170
sbs estados financieros,ARS,10,-100%,0%,Unknown,,,,,,,,,10,0,10,10,0,0,0,0,10,10,0,0
asesor financiero independiente,ARS,50,0%,0%,High,70,46.63,235.69,,,,,,50,50,50,90,30,50,40,50,50,50,30,50
tu financiera préstamos,ARS,10,0%,0%,Unknown,,,,,,,,,0,10,0,0,0,0,0,0,10,0,0,0
economia formal e informal,ARS,50,-55%,0%,Low,1,,,,,,,,30,10,50,40,20,20,10,10,170,110,70,50
asesores financieros para particulares,ARS,10,-100%,-100%,Unknown,,,,,,,,,10,10,10,10,10,10,10,10,10,10,10,0
bancos financieros,ARS,390,22%,0%,Medium,41,4.33,162.34,,,,,,320,480,480,390,320,320,320,320,390,320,390,390
5 instituciones financieras,ARS,10,-50%,0%,Low,17,,,,,,,,10,10,10,20,20,10,10,10,30,20,10,10
estados financieros de walmart,ARS,10,-100%,-100%,Unknown,,,,,,,,,10,0,10,10,10,0,0,10,10,10,10,0
empresas de servicios financieros,ARS,30,-60%,-33%,Medium,54,35.22,471.00,,,,,,20,20,10,30,20,20,10,30,40,50,70,20
proyectos financieros,ARS,20,-75%,-50%,Medium,42,54.82,242.99,,,,,,10,20,20,30,20,10,10,10,50,40,20,10
economia terciaria,ARS,40,-29%,-29%,Low,9,17.61,74.53,,,,,,30,40,50,40,70,30,10,10,40,70,50,50
inbursa com asesores,ARS,,--,--,Unknown,,,,,,,,,,,,,,,,,,,,
fondos financieros,ARS,40,25%,25%,Medium,39,51.79,133.78,,,,,,40,50,30,40,50,10,20,30,40,40,30,50
sector socioeconómico,ARS,30,150%,150%,Low,0,,,,,,,,30,50,50,40,30,10,10,10,20,20,50,50
ambito financiero mercados,ARS,210,189%,-19%,Low,17,47.69,88.19,,,,,,320,260,210,170,210,170,110,70,110,90,260,260
auxiliar financiero,ARS,10,0%,0%,Medium,55,24.47,98.16,,,,,,10,10,10,10,10,10,10,10,10,10,10,10
asesor financiero cerca de mi,ARS,10,0%,∞,Medium,43,,,,,,,,0,10,0,0,0,10,0,0,10,10,0,10
servicios financieros carrefour 0800,ARS,210,-46%,-33%,Low,16,3.40,7.89,,,,,,260,260,210,260,260,210,210,170,110,260,260,140
emprendedores financieros,ARS,10,0%,0%,High,69,58.62,227.56,,,,,,10,0,10,10,10,10,10,10,10,10,10,10
los intermediarios financieros,ARS,10,0%,0%,Low,9,,,,,,,,10,10,20,10,20,10,10,10,10,10,10,10
servicios financieros walmart,ARS,140,-78%,-90%,Low,8,,,,,,,,210,170,140,170,210,110,170,110,90,90,50,20
campus financiero,ARS,10,0%,0%,Medium,36,,,,,,,,10,0,0,10,10,10,0,10,10,10,10,10
las instituciones financieras,ARS,10,0%,0%,Low,0,,,,,,,,10,10,10,0,10,0,0,10,10,10,10,10
intermediarios financieros bancarios,ARS,20,0%,-75%,Low,24,47.61,67.68,,,,,,10,20,10,30,40,20,10,10,10,10,10,10
entidades financieras no bancarias,ARS,30,33%,0%,Low,24,8.37,125.24,,,,,,40,30,30,20,30,20,30,20,40,30,40,40
cordial financiera 0800,ARS,110,-67%,-82%,Low,14,4.73,68.89,,,,,,140,140,170,170,170,110,90,90,90,90,50,30
establecimientos financieros de crédito,ARS,10,0%,0%,Low,0,,,,,,,,10,0,10,10,10,10,10,10,10,10,10,10
crédito financiero,ARS,30,-33%,0%,Medium,46,44.43,151.60,,,,,,30,30,20,30,20,20,40,110,30,30,20,20
consorcio financiero,ARS,10,0%,0%,Low,8,,,,,,,,10,10,10,10,10,10,10,10,10,10,10,10
economia primaria secundaria y terciaria,ARS,50,-20%,-20%,Low,0,,,,,,,,50,70,40,70,90,40,10,20,50,50,50,40
banco de servicios financieros carrefour,ARS,170,0%,-35%,Low,27,3.55,15.04,,,,,,170,260,210,170,140,140,170,210,140,110,210,110
azierta servicios financieros,ARS,10,0%,0%,Unknown,,,,,,,,,0,0,0,0,0,10,0,0,10,0,0,0
sector público economía,ARS,140,0%,-19%,Low,5,8.09,546.04,,,,,,110,170,140,170,210,110,30,70,170,170,170,170
grupo financiero inbursa asesores,ARS,0,0%,0%,Unknown,,,,,,,,,0,0,0,0,0,0,0,0,0,0,0,0
estados financieros falabella,ARS,10,∞,0%,Low,0,,,,,,,,10,0,0,10,0,0,0,0,10,0,0,10
auditoria de los estados financieros,ARS,10,0%,-100%,Unknown,,,,,,,,,10,0,10,0,0,10,0,0,10,0,10,0
compañia de servicios financieros,ARS,10,0%,0%,Medium,57,,,,,,,,10,10,10,10,10,10,10,10,10,10,10,10
superintendencia de servicios financieros,ARS,10,0%,0%,Low,0,,,,,,,,10,10,10,10,10,10,10,10,10,10,10,10
servicios no financieros,ARS,10,0%,0%,Low,0,,,,,,,,10,0,0,10,10,10,0,10,10,10,10,10
presente financiero,ARS,10,-100%,0%,Unknown,,,,,,,,,0,0,0,0,0,0,10,0,0,10,0,0
coval servicios financieros,ARS,10,-100%,-100%,Unknown,,,,,,,,,0,0,0,10,10,0,10,0,0,10,0,0
entidades financieras bcra,ARS,170,24%,0%,Low,3,61.94,5460.37,,,,,,140,170,170,140,140,140,110,140,210,170,170,210
id financiero,ARS,10,-100%,-100%,Unknown,,,,,,,,,10,0,10,0,0,0,0,10,0,10,10,0
administrativo financiero,ARS,10,0%,-67%,Medium,39,42.77,100.26,,,,,,10,30,10,20,10,10,10,10,10,10,20,10
economia agricultura,ARS,20,100%,0%,Low,26,21.46,483.24,,,,,,10,20,20,30,30,10,10,10,20,10,30,20
auditoria financiera que es,ARS,10,-100%,-100%,Unknown,,,,,,,,,10,10,10,10,10,10,0,10,10,10,10,0
organización financiera,ARS,30,0%,33%,Medium,35,45.37,119.87,,,,,,50,20,30,30,40,10,30,20,50,40,30,40
coste financiero,ARS,390,0%,-19%,Low,3,55.18,190.84,,,,,,320,390,480,480,480,210,170,260,320,390,480,390
estados financieros complementarios,ARS,10,0%,-100%,Unknown,,,,,,,,,10,10,0,10,10,0,10,0,0,0,10,0
servicios financieros que es,ARS,10,0%,100%,Low,15,32.13,806.58,,,,,,10,20,10,20,20,10,10,10,10,20,20,20
grupo financiero por ti,ARS,,--,--,Unknown,,,,,,,,,,,,,,,,,,,,
compañias financieras,ARS,260,22%,22%,Medium,34,34.64,175.73,,,,,,260,260,320,320,320,140,210,170,260,320,260,390
servicios de organización financiera,ARS,10,-100%,0%,Unknown,,,,,,,,,0,0,0,0,0,10,10,0,0,10,10,0
cordial financiera 0810,ARS,110,-56%,-56%,Low,14,2.73,30.04,,,,,,10,110,170,260,210,110,140,50,70,90,70,40
empresa de sector terciario,ARS,40,-55%,0%,Low,0,,,,,,,,40,30,30,20,40,20,0,20,90,110,110,50
asesor financiero online,ARS,10,0%,0%,Medium,66,79.16,193.10,,,,,,10,10,20,10,10,10,10,10,30,10,10,10
gestion financiera que es,ARS,170,0%,0%,Low,19,27.90,81.91,,,,,,90,170,140,260,320,140,50,70,260,170,170,170
descuentos financieros,ARS,30,-60%,-33%,Low,13,164.23,893.59,,,,,,30,30,40,20,20,20,10,10,20,50,40,20
reba compañia financiera sa,ARS,30,50%,50%,Low,8,110.83,314.84,,,,,,10,40,50,40,30,30,30,30,40,20,40,30
el pais financiero,ARS,10,∞,0%,Low,14,,,,,,,,20,10,0,10,10,10,0,0,0,0,0,10
financiera enlace,ARS,10,∞,0%,Low,0,,,,,,,,0,10,10,10,0,0,10,0,0,0,10,10
grupo financiero bancomer,ARS,0,0%,0%,Unknown,,,,,,,,,0,0,0,0,0,0,0,0,0,0,0,0
la auditoria financiera,ARS,10,0%,0%,Unknown,,,,,,,,,0,10,0,0,0,0,0,0,0,0,10,0
bcra entidades financieras,ARS,110,27%,27%,Low,3,39.96,5460.37,,,,,,90,110,110,110,90,90,110,110,140,110,110,140
outsourcing financiero,ARS,10,0%,0%,Medium,62,,,,,,,,10,10,10,10,10,10,10,10,0,10,10,10
los servicios financieros,ARS,10,0%,0%,Low,14,,,,,,,,0,10,10,10,10,0,10,10,10,10,10,10
contabilidad de instituciones financieras,ARS,10,-100%,0%,Unknown,,,,,,,,,0,0,0,10,0,0,0,0,0,10,0,0
auditoria estados financieros,ARS,10,-100%,-100%,Unknown,,,,,,,,,10,10,10,10,10,0,10,10,10,10,10,0
entidades financieras fovissste 2022,ARS,,--,--,Unknown,,,,,,,,,,,,,,,,,,,,
walmart estados financieros,ARS,10,0%,0%,Low,0,,,,,,,,10,10,10,10,10,10,0,10,10,10,0,10
asesor de servicios financieros,ARS,10,0%,0%,Unknown,,,,,,,,,10,10,0,0,0,0,10,0,0,0,10,0
cip servicios financieros,ARS,10,0%,0%,Unknown,,,,,,,,,0,10,0,10,0,10,0,0,10,0,0,0
fortuna servicios financieros premium,ARS,0,0%,0%,Unknown,,,,,,,,,0,0,0,0,0,0,0,0,0,0,0,0
entidades no financieras,ARS,50,-29%,0%,Low,3,,,,,,,,40,70,50,70,110,30,10,20,30,70,90,50
adelante soluciones financieras que es,ARS,,--,--,Unknown,,,,,,,,,,,,,,,,,,,,
telefono iudu compañia financiera,ARS,40,0%,-93%,Low,14,,,,,,,,90,70,70,90,90,30,10,10,10,10,10,10
serfin financiera,ARS,10,0%,0%,Medium,48,,,,,,,,10,0,10,10,0,0,10,0,10,10,10,10
instituciones financieras bancarias,ARS,10,0%,0%,Medium,34,,,,,,,,10,10,0,10,10,10,10,10,0,10,10,10
estados financieros sunat,ARS,10,0%,0%,Unknown,,,,,,,,,0,0,0,0,0,0,0,10,0,0,10,0
economía agrícola pdf,ARS,10,0%,0%,Low,8,,,,,,,,0,10,10,10,10,10,0,10,10,10,10,10
servicios bancarios y financieros,ARS,10,0%,0%,Low,0,,,,,,,,10,10,10,50,10,10,10,10,10,10,10,10
asesor inversiones,ARS,20,0%,-33%,High,70,87.37,482.62,,,,,,20,20,20,10,20,10,50,20,30,20,20,20
aliados financieros,ARS,10,0%,0%,Low,21,,,,,,,,10,10,10,10,10,10,10,10,10,10,10,10
establecimientos de crédito,ARS,10,-100%,0%,Unknown,,,,,,,,,10,10,10,10,10,10,20,0,10,10,10,0
estados financieros de apple,ARS,10,0%,0%,Low,14,,,,,,,,10,10,10,10,10,10,0,0,10,10,10,10
auditoria a los estados financieros,ARS,10,∞,0%,Low,0,,,,,,,,10,0,0,0,10,0,0,0,0,0,10,10
contable y financiero,ARS,10,0%,0%,Low,12,,,,,,,,10,10,10,10,10,10,10,10,10,10,10,10
análisis financiero y de gestión,ARS,10,-100%,-100%,Unknown,,,,,,,,,10,10,10,10,10,0,10,0,0,10,10,0
sectores productivos pdf,ARS,10,0%,0%,Low,0,,,,,,,,10,10,10,10,10,10,0,0,10,10,10,10
estados financieros de una empresa de servicios,ARS,10,∞,0%,Medium,33,,,,,,,,10,10,10,0,10,10,0,10,10,0,10,10
estados financieros de walmart 2022,ARS,10,∞,0%,Low,14,,,,,,,,10,10,10,10,10,10,0,0,0,0,10,10
servicios bancarios para pymes,ARS,10,∞,∞,High,71,,,,,,,,0,10,0,0,0,0,0,0,0,0,0,10
servicios financieros oportunidades,ARS,0,0%,0%,Unknown,,,,,,,,,0,0,0,0,0,0,0,0,0,0,0,0
intermediarios financieros bancarios y no bancarios,ARS,10,100%,0%,Low,17,51.30,1511.23,,,,,,10,10,10,20,20,10,10,10,10,10,10,20
consorcio financiero sa,ARS,10,∞,0%,Low,0,,,,,,,,0,0,10,10,0,0,0,0,0,0,0,10
asesores financieros cerca de mi,ARS,10,0%,0%,Unknown,,,,,,,,,0,0,0,0,0,0,0,0,0,0,10,0
entidades financieras república dominicana,ARS,10,0%,0%,Unknown,,,,,,,,,0,0,0,0,0,0,0,0,10,0,0,0
estados financieros cencosud,ARS,10,0%,∞,Low,7,,,,,,,,0,10,10,10,10,0,10,10,10,10,10,10
financiera mi banco,ARS,10,0%,0%,Unknown,,,,,,,,,0,0,0,0,10,0,0,0,0,0,0,0
pago fácil financiera carrefour,ARS,,--,--,Unknown,,,,,,,,,,,,,,,,,,,,
financiera tu ayuda,ARS,,--,--,Unknown,,,,,,,,,,,,,,,,,,,,
cordial compañia financiera telefono,ARS,70,-60%,-71%,Low,11,1.74,5.23,,,,,,50,70,90,90,90,50,90,50,70,50,50,20
óptima servicios financieros,ARS,10,∞,0%,Low,0,,,,,,,,10,10,0,10,10,0,0,0,10,0,10,10
banco financiero inbursa,ARS,10,0%,0%,Unknown,,,,,,,,,0,0,10,0,0,0,0,0,0,0,0,0
iudu compañia financiera sa,ARS,30,-50%,-75%,Low,0,,,,,,,,10,20,30,70,20,50,30,20,90,20,40,10
la economia agroexportadora,ARS,140,133%,0%,Low,0,,,,,,,,110,210,210,210,260,70,30,40,50,90,110,210
servicios financieros empresas,ARS,10,-50%,0%,Medium,52,47.17,212.60,,,,,,10,10,10,10,10,10,10,10,10,20,20,10
estados financieros comerciales,ARS,10,∞,∞,Low,7,,,,,,,,0,0,0,10,10,10,10,0,0,0,0,10
servicios financieros cencosud,ARS,10,0%,0%,Low,27,13.91,123.27,,,,,,10,10,10,10,10,20,10,10,10,10,10,10
instituciones no financieras,ARS,10,0%,0%,Low,0,,,,,,,,0,10,0,0,10,10,10,0,10,10,10,10
falabella estados financieros,ARS,10,-100%,-100%,Unknown,,,,,,,,,10,10,0,10,10,0,0,0,10,10,0,0
instituciones financieras de inversión y financiamiento,ARS,10,0%,0%,Unknown,,,,,,,,,0,0,0,10,0,10,0,10,0,0,0,0
servicios financieros soriana,ARS,10,0%,0%,Unknown,,,,,,,,,0,10,0,0,0,0,0,0,0,0,0,0
servicios financieros que son,ARS,10,0%,0%,Low,0,,,,,,,,10,20,10,10,10,0,10,10,10,10,10,10
estados financieros de un banco,ARS,10,-100%,-100%,Unknown,,,,,,,,,0,0,10,0,10,10,0,0,10,10,10,0
campo de tejada servicios financieros,ARS,0,0%,0%,Unknown,,,,,,,,,0,0,0,0,0,0,0,0,0,0,0,0
grupo financiero popular,ARS,0,0%,0%,Unknown,,,,,,,,,0,0,0,0,0,0,0,0,0,0,0,0
asesores juridicos y financieros,ARS,0,0%,0%,Unknown,,,,,,,,,0,0,0,0,0,0,0,0,0,0,0,0
estados financieros apple,ARS,10,∞,0%,Low,14,,,,,,,,10,10,10,10,10,10,0,10,10,0,10,10
asesor financiero precio,ARS,10,0%,∞,High,67,,,,,,,,10,10,0,10,0,10,10,10,10,10,10,10
organización financiera personal,ARS,10,0%,0%,Medium,64,49.27,158.68,,,,,,10,10,10,20,10,10,10,10,10,10,20,10
análisis financiero que es,ARS,50,0%,0%,Low,11,14.69,67.97,,,,,,20,30,50,40,110,20,30,30,50,50,90,50
financiera cerca de mi,ARS,10,0%,0%,Medium,34,,,,,,,,10,30,10,10,10,10,70,10,10,10,10,10
instituciones financieras bancarias y no bancarias,ARS,10,0%,∞,Medium,43,,,,,,,,10,10,0,10,10,0,0,0,10,10,10,10
sector economico agropecuario,ARS,10,0%,0%,Low,0,,,,,,,,0,10,10,10,10,10,0,0,10,10,10,10
instituciones de servicios financieros,ARS,10,-100%,0%,Unknown,,,,,,,,,0,0,0,0,0,0,0,0,0,10,10,0
estados financieros mensuales,ARS,10,∞,0%,Low,0,,,,,,,,0,10,0,10,10,0,0,0,0,0,10,10
asesoria financiera que es,ARS,10,0%,∞,Medium,36,,,,,,,,10,0,10,10,10,0,0,10,0,10,10,10
cencosud estados financieros,ARS,10,0%,0%,Low,0,,,,,,,,10,10,10,10,10,0,10,0,0,10,10,10
asesor financiero santander,ARS,10,0%,∞,Medium,48,48.87,300.32,,,,,,10,10,10,10,0,10,10,10,10,10,10,10
cencosud servicios financieros,ARS,10,0%,0%,Low,21,1.67,269.00,,,,,,0,10,10,10,10,10,10,10,10,10,10,10
direccion financiera externa,ARS,0,0%,0%,Unknown,,,,,,,,,0,0,0,0,0,0,0,0,0,0,0,0
grupo financiero que es,ARS,10,0%,0%,Low,0,,,,,,,,10,10,10,10,10,10,10,10,10,10,10,10
auditoria contable y financiera,ARS,10,0%,0%,Low,0,,,,,,,,10,10,10,10,10,10,0,10,10,10,10,10
el control financiero,ARS,10,0%,0%,Unknown,,,,,,,,,0,0,0,0,0,0,0,10,10,0,0,0
servicios financieros came,ARS,,--,--,Unknown,,,,,,,,,,,,,,,,,,,,
auditoria no financiera,ARS,10,0%,0%,Unknown,,,,,,,,,0,0,0,10,10,0,0,0,0,0,0,0
asesoria contable y financiera,ARS,10,0%,0%,High,93,,,,,,,,10,10,10,10,10,10,10,10,10,10,10,10
ambito com financiero,ARS,50,-50%,-75%,Low,18,2.73,96.92,,,,,,140,50,30,30,10,50,140,70,90,20,30,10
mercados e intermediarios financieros,ARS,10,-100%,-100%,Unknown,,,,,,,,,0,10,10,10,10,0,0,0,10,10,0,0
pastor servicios financieros,ARS,10,0%,0%,Unknown,,,,,,,,,0,0,0,0,0,0,10,0,0,0,0,0
soluciones financieras online,ARS,10,0%,0%,Medium,64,,,,,,,,10,10,10,10,10,10,10,10,10,10,10,10
economía agropecuaria pdf,ARS,20,0%,-25%,Low,3,,,,,,,,10,20,20,10,20,10,10,10,70,30,30,30
enlace servicios financieros,ARS,10,0%,0%,Unknown,,,,,,,,,0,10,0,0,0,0,0,0,0,0,0,0
fortuna servicios financieros,ARS,0,0%,0%,Unknown,,,,,,,,,0,0,0,0,0,0,0,0,0,0,0,0
superintendencia de bancos y entidades financieras,ARS,10,-100%,-100%,Unknown,,,,,,,,,0,0,0,0,0,0,10,10,0,10,0,0
asesores de inversiones,ARS,110,56%,56%,High,69,112.98,360.38,,,,,,90,90,70,70,140,70,110,90,140,90,110,140
presupuesto financieros,ARS,590,50%,-18%,Low,12,32.68,118.00,,,,,,390,720,720,880,1000,480,70,320,320,480,590,720
espacios financieros cencosud,ARS,10,-100%,-100%,Unknown,,,,,,,,,10,0,10,0,0,0,10,10,10,10,0,0
economia sector terciario,ARS,260,-33%,0%,Low,0,,,,,,,,170,260,210,320,390,210,30,110,390,480,480,320
administracion financiera personal,ARS,10,100%,100%,High,68,41.35,97.93,,,,,,10,10,10,10,10,10,10,10,10,10,10,20
afi analistas financieros,ARS,10,0%,0%,Unknown,,,,,,,,,0,10,0,0,0,0,0,0,0,0,0,0
contabilidad tributaria y financiera,ARS,10,-100%,-100%,Unknown,,,,,,,,,10,0,0,0,0,10,10,0,10,10,0,0
control de gestion financiera,ARS,10,0%,0%,Medium,51,66.33,935.98,,,,,,10,10,10,10,10,10,10,10,10,10,10,10
los financieros,ARS,10,-100%,-100%,Unknown,,,,,,,,,10,10,10,10,10,0,0,0,0,10,10,0
intermediarios bancarios y no bancarios,ARS,10,0%,0%,Low,3,,,,,,,,10,10,10,10,10,10,0,10,10,10,10,10
auxiliar bancario administrativo y financiero,ARS,70,-22%,133%,Medium,60,25.75,66.20,,,,,,40,30,40,30,40,30,90,110,110,90,90,70
carrefour banco financiero,ARS,40,0%,-40%,Low,30,4.00,24.94,,,,,,50,30,50,40,70,40,50,50,20,30,40,30
financiera gran ayuda,ARS,,--,--,Unknown,,,,,,,,,,,,,,,,,,,,
apple estados financieros,ARS,10,-100%,-100%,Unknown,,,,,,,,,0,0,0,0,0,0,0,10,0,10,0,0
instituciones financieras que es,ARS,10,0%,0%,Low,0,,,,,,,,10,10,10,0,10,10,0,0,0,10,0,10
entidades de servicios financieros,ARS,10,0%,-100%,Unknown,,,,,,,,,0,0,10,10,10,10,10,0,10,0,0,0
asesores bancarios,ARS,10,0%,-50%,Medium,55,79.81,215.31,,,,,,10,20,10,20,10,10,10,10,10,10,20,10
estados financieros santander,ARS,10,0%,0%,Low,0,,,,,,,,10,10,10,10,10,10,10,10,10,10,10,10
tu asesor financiero,ARS,10,0%,-50%,Medium,43,,,,,,,,10,40,20,30,20,10,10,10,10,10,10,10
tores económicos,ARS,10,∞,0%,Low,0,,,,,,,,10,10,10,0,10,10,0,0,0,0,10,10
bancos e instituciones financieras,ARS,10,0%,-100%,Unknown,,,,,,,,,10,10,10,10,10,10,0,0,10,0,0,0
economia de la agricultura,ARS,10,0%,0%,Low,30,25.36,99.87,,,,,,10,10,10,10,10,10,0,0,0,10,10,10
servicios financieros banco de venezuela,ARS,0,0%,0%,Unknown,,,,,,,,,0,0,0,0,0,0,0,0,0,0,0,0
estados financieros rappi,ARS,10,0%,∞,Low,14,,,,,,,,0,10,10,10,0,0,0,0,0,10,0,10
afix servicios financieros,ARS,0,0%,0%,Unknown,,,,,,,,,0,0,0,0,0,0,0,0,0,0,0,0
estados financieros de chedraui,ARS,,--,--,Unknown,,,,,,,,,,,,,,,,,,,,
sr servicios financieros,ARS,0,0%,0%,Unknown,,,,,,,,,0,0,0,0,0,0,0,0,0,0,0,0
economia en la agricultura,ARS,10,-100%,-100%,Unknown,,,,,,,,,10,0,0,10,0,10,0,10,10,10,0,0
entidad financiera santander,ARS,10,0%,∞,Low,14,,,,,,,,10,10,0,10,0,10,10,10,10,10,0,10
banco de servicios financieros telefono,ARS,90,-29%,-29%,Low,28,3.53,23.39,,,,,,110,90,110,90,70,70,70,70,90,70,50,50
carrefour banco de servicios financieros,ARS,40,25%,67%,Low,29,2.73,8.18,,,,,,30,50,50,50,30,40,50,50,50,40,40,50
control financiero personal,ARS,10,0%,∞,High,100,,,,,,,,10,10,10,0,10,10,10,10,10,10,10,10
banco general estados financieros,ARS,0,0%,0%,Unknown,,,,,,,,,0,0,0,0,0,0,0,0,0,0,0,0
rappi estados financieros,ARS,10,0%,0%,Unknown,,,,,,,,,0,10,10,0,10,10,10,10,10,0,10,0
inversiones en mercados financieros,ARS,10,0%,0%,High,70,139.24,240.26,,,,,,10,10,10,10,10,10,30,10,10,10,40,10
direccion financiera que es,ARS,10,0%,∞,Low,0,,,,,,,,10,0,10,10,10,0,0,0,10,10,10,10
servicios financieros falabella,ARS,10,0%,-100%,Unknown,,,,,,,,,0,0,10,10,0,0,0,10,0,0,10,0
sector economico construccion,ARS,10,∞,0%,Low,14,,,,,,,,0,0,10,10,0,0,10,0,0,0,10,10
cm soluciones financieras,ARS,0,0%,0%,Unknown,,,,,,,,,0,0,0,0,0,0,0,0,0,0,0,0
consede servicios financieros,ARS,0,0%,0%,Unknown,,,,,,,,,0,0,0,0,0,0,0,0,0,0,0,0
asesor financiero en estados unidos,ARS,10,0%,0%,High,94,191.11,927.65,,,,,,10,10,0,10,10,0,0,10,10,10,10,10
estados financieros integrales,ARS,10,0%,0%,Unknown,,,,,,,,,10,0,0,0,0,0,0,0,0,0,0,0
consultor financiero ovb,ARS,10,0%,0%,Unknown,,,,,,,,,0,0,0,0,0,10,10,10,0,0,0,0
asesoramiento financiero que es,ARS,110,-18%,0%,Medium,34,32.76,256.64,,,,,,110,110,90,110,70,90,110,110,110,110,110,90
banco servicios financieros carrefour,ARS,50,0%,-29%,Low,29,3.68,22.90,,,,,,50,50,40,70,70,50,70,50,50,50,70,50
deudas superintendencia de bancos,ARS,10,-100%,0%,Unknown,,,,,,,,,0,0,0,10,0,0,0,0,0,10,0,0
consultor financiero independiente,ARS,10,0%,0%,High,81,39.92,219.86,,,,,,10,10,10,10,10,10,10,10,10,10,10,10
gestion financiero,ARS,480,0%,0%,Medium,43,50.96,233.25,,,,,,390,590,480,590,880,390,210,390,720,480,480,480
banco financiero de carrefour,ARS,10,0%,-67%,Medium,39,3.16,9.42,,,,,,20,10,10,10,10,10,20,10,30,10,10,10
en que consiste la auditoria financiera,ARS,10,-100%,0%,Unknown,,,,,,,,,0,0,0,10,0,0,0,0,0,10,10,0
asesor finanzas personales,ARS,10,0%,0%,High,76,106.20,325.20,,,,,,0,10,10,10,10,10,10,10,10,10,10,10
estados financieros de toyota,ARS,10,0%,∞,Low,0,,,,,,,,10,10,10,10,10,0,0,10,10,10,10,10
control financiero que es,ARS,10,0%,0%,Low,3,,,,,,,,10,0,10,0,10,10,0,10,0,10,10,10
elektra estados financieros,ARS,,--,--,Unknown,,,,,,,,,,,,,,,,,,,,
establecimiento financiero,ARS,10,0%,0%,Low,31,,,,,,,,10,10,10,10,10,10,0,10,10,10,10,10
estados financieros latam,ARS,10,-100%,-100%,Unknown,,,,,,,,,10,0,10,10,0,0,0,0,0,10,10,0
superintendencia de bancos estados financieros,ARS,,--,--,Unknown,,,,,,,,,,,,,,,,,,,,
came financiera préstamos,ARS,0,0%,0%,Unknown,,,,,,,,,0,0,0,0,0,0,0,0,0,0,0,0
presupuesto financiero personal,ARS,10,0%,0%,Low,24,7.89,38.90,,,,,,10,10,0,10,10,10,10,10,10,10,10,10
grupo financiero sofom,ARS,,--,--,Unknown,,,,,,,,,,,,,,,,,,,,
financiamiento financiero,ARS,10,0%,-100%,Unknown,,,,,,,,,10,0,0,10,10,10,10,10,10,0,0,0
entidades financieras en república dominicana,ARS,0,0%,0%,Unknown,,,,,,,,,0,0,0,0,0,0,0,0,0,0,0,0
asesor de inversiones independiente,ARS,10,0%,0%,High,67,,,,,,,,10,10,0,0,10,10,10,10,10,10,10,10
estados financieros para bancos,ARS,10,-100%,0%,Unknown,,,,,,,,,10,0,0,0,10,0,10,0,0,10,0,0
telefono de acceso financiero,ARS,10,∞,0%,Low,0,,,,,,,,0,0,0,0,0,0,10,0,0,0,0,10
administracion financiero,ARS,720,-18%,0%,Medium,48,45.82,140.82,,,,,,590,880,720,720,720,480,480,590,1300,880,880,720
mejores asesores financieros,ARS,10,0%,0%,Medium,64,,,,,,,,10,0,10,10,10,0,10,10,0,10,0,10
santander estados financieros,ARS,10,0%,∞,Low,4,,,,,,,,0,10,0,10,10,10,10,0,10,10,10,10
analisis financiero de un banco,ARS,10,∞,0%,High,93,,,,,,,,10,0,10,0,0,0,0,0,0,0,10,10
administración bancaria y financiera que es,ARS,10,0%,0%,Unknown,,,,,,,,,0,0,0,0,10,10,0,0,10,0,0,0
consultoria financiera que es,ARS,10,0%,0%,Low,29,17.59,155.62,,,,,,10,10,20,10,10,10,10,20,10,10,20,10
consultoria financiera empresarial,ARS,10,-100%,-100%,Unknown,,,,,,,,,10,0,10,0,10,10,10,0,0,10,10,0
servicios financieros globales,ARS,10,0%,-100%,Unknown,,,,,,,,,0,0,0,0,0,0,0,0,0,0,10,0
financieras en republica dominicana,ARS,10,0%,0%,Unknown,,,,,,,,,0,10,0,10,0,10,0,10,10,0,10,0
gestion financiera de proyectos,ARS,10,∞,0%,High,100,,,,,,,,10,10,10,10,10,10,10,10,10,0,0,10
asesor bursatil,ARS,10,100%,100%,High,73,93.01,412.05,,,,,,10,10,10,20,10,10,10,10,10,10,10,20
contabilidad de bancos y entidades financieras,ARS,10,0%,0%,Unknown,,,,,,,,,10,0,10,10,10,10,0,10,0,0,0,0
asesores y gestores financieros sa,ARS,,--,--,Unknown,,,,,,,,,,,,,,,,,,,,
economia y agricultura,ARS,10,0%,0%,Low,16,,,,,,,,10,10,10,10,10,0,10,10,10,10,10,10
financieras no bancarias,ARS,10,0%,0%,Low,14,,,,,,,,10,0,10,10,10,10,10,10,0,10,10,10
inversiones financiera,ARS,260,-19%,0%,Medium,51,74.31,201.45,,,,,,260,260,320,260,320,210,260,210,320,320,320,260
financiera walmart,ARS,30,-50%,-80%,Low,20,,,,,,,,30,50,50,50,40,30,50,20,20,20,20,10
campo financiero,ARS,10,0%,-50%,Low,21,14.45,63.79,,,,,,10,20,10,10,10,10,10,10,10,10,10,10
banco de servicios financieros carrefour telefono,ARS,20,50%,200%,Low,13,3.55,4.28,,,,,,20,10,20,20,50,10,40,20,10,20,10,30
banco de venezuela servicios financieros,ARS,0,0%,0%,Unknown,,,,,,,,,0,0,0,0,0,0,0,0,0,0,0,0
telefono de cordial financiera,ARS,40,50%,-25%,Low,6,,,,,,,,50,90,50,50,50,30,20,30,30,20,20,30
estados financieros de coppel,ARS,0,0%,0%,Unknown,,,,,,,,,0,0,0,0,0,0,0,0,0,0,0,0
sector terciario servicios financieros,ARS,10,0%,0%,Low,29,,,,,,,,0,10,10,10,10,0,0,0,0,10,10,10
servicios gfi inbursa,ARS,,--,--,Unknown,,,,,,,,,,,,,,,,,,,,
latam estados financieros,ARS,10,0%,0%,Unknown,,,,,,,,,0,10,0,0,10,0,0,0,10,0,0,0
contabilidad financiera y fiscal,ARS,10,0%,0%,Unknown,,,,,,,,,10,0,0,0,0,0,0,0,0,0,0,0
financiero en contabilidad,ARS,10,0%,∞,Low,0,,,,,,,,10,0,0,10,10,0,0,10,0,10,0,10
inbursa asesores financieros,ARS,10,0%,0%,Unknown,,,,,,,,,0,0,0,10,0,0,0,0,10,0,0,0
la economía agropecuaria,ARS,10,0%,0%,Low,5,,,,,,,,10,10,10,10,10,10,0,10,10,10,10,10
servicios contables y financieros,ARS,10,0%,∞,Low,29,,,,,,,,0,0,0,0,0,0,0,10,0,10,0,10
xfera consumer finance clientes,ARS,,--,--,Unknown,,,,,,,,,,,,,,,,,,,,
servicios gfi inbursa com,ARS,,--,--,Unknown,,,,,,,,,,,,,,,,,,,,
contabilidad financiero,ARS,480,-19%,-19%,Medium,38,33.26,105.20,,,,,,390,590,480,390,480,260,260,480,720,480,590,390
costos de financieros,ARS,10,0%,0%,Low,0,,,,,,,,0,10,10,10,10,10,0,0,10,10,10,10
el financiero creditos,ARS,10,0%,0%,Unknown,,,,,,,,,0,0,0,0,0,0,10,0,0,0,0,0
cyc consejería en servicios financieros,ARS,0,0%,0%,Unknown,,,,,,,,,0,0,0,0,0,0,0,0,0,0,0,0
mejores asesores financieros independientes,ARS,0,0%,0%,Unknown,,,,,,,,,0,0,0,0,0,0,0,0,0,0,0,0
clientes financieros,ARS,10,0%,0%,Low,8,,,,,,,,10,10,10,10,10,10,10,10,10,10,10,10
asesor financiero inversiones,ARS,10,0%,0%,High,71,,,,,,,,10,10,0,10,10,10,10,10,0,10,10,10
falabella servicios financieros,ARS,10,∞,∞,Low,0,,,,,,,,0,0,10,10,0,0,0,0,10,0,10,10
un banco es una entidad financiera,ARS,10,0%,0%,Low,0,,,,,,,,10,10,10,10,10,10,10,10,10,10,10,10
maximiliano leguizamo asesor financiero,ARS,50,1000%,∞,Medium,40,51.29,256.64,,,,,,0,0,10,50,260,40,20,10,70,10,0,110
liderbciserviciosfinancieros,ARS,0,0%,0%,Unknown,,,,,,,,,0,0,0,0,0,0,0,0,0,0,0,0
toyota estados financieros,ARS,10,0%,0%,Low,14,,,,,,,,0,0,0,10,0,10,0,0,0,10,10,10
auditoria financiera externa,ARS,10,0%,0%,Unknown,,,,,,,,,0,0,0,10,0,0,0,0,10,0,0,0
citibanamex estados financieros,ARS,10,0%,0%,Unknown,,,,,,,,,10,0,10,10,0,10,0,0,0,0,0,0
servicios financieros cuales son,ARS,10,0%,0%,Unknown,,,,,,,,,0,0,10,10,0,0,0,0,10,0,10,0
servicios financieros sector terciario,ARS,10,0%,0%,Unknown,,,,,,,,,0,10,0,10,0,0,0,0,10,0,10,0
estados financieros de elektra,ARS,0,0%,0%,Unknown,,,,,,,,,0,0,0,0,0,0,0,0,0,0,0,0
gestion de estados financieros,ARS,0,0%,0%,Unknown,,,,,,,,,0,0,0,0,0,0,0,0,0,0,0,0
grupo financiero gst,ARS,30,0%,200%,Low,1,,,,,,,,10,20,90,20,20,20,10,10,40,30,40,30
estados financieros chedraui,ARS,,--,--,Unknown,,,,,,,,,,,,,,,,,,,,
instituciones financieras en república dominicana,ARS,0,0%,0%,Unknown,,,,,,,,,0,0,0,0,0,0,0,0,0,0,0,0
trainer financiero,ARS,20,0%,0%,Medium,60,84.00,133.22,,,,,,20,20,20,10,10,10,20,20,20,10,10,10
servicios que brindan las instituciones financieras,ARS,0,0%,0%,Unknown,,,,,,,,,0,0,0,0,0,0,0,0,0,0,0,0
asesoramiento de inversiones,ARS,10,0%,0%,Medium,62,110.29,391.81,,,,,,10,10,10,10,10,10,10,10,10,10,10,10
banco entidad financiera,ARS,10,0%,0%,Low,19,62.09,92.47,,,,,,10,10,20,10,10,10,10,20,20,10,20,10
planificadores financieros,ARS,40,150%,-55%,Medium,51,38.06,170.98,,,,,,70,30,50,50,20,20,70,40,40,20,40,50
banco financiero argentino,ARS,40,67%,0%,Low,27,5.77,186.79,,,,,,30,20,40,40,40,40,40,40,50,30,30,50
gestion financiera personal,ARS,10,0%,0%,High,100,,,,,,,,10,10,10,10,10,10,10,10,10,10,10,10
contadores tributarios y financieros,ARS,10,0%,-100%,Unknown,,,,,,,,,0,0,0,0,0,10,0,0,0,0,10,0
los mejores asesores financieros,ARS,10,0%,∞,High,100,,,,,,,,0,10,10,10,10,0,10,10,0,10,10,10
por ti creditos servicios financieros,ARS,,--,--,Unknown,,,,,,,,,,,,,,,,,,,,
contempora servicios financieros,ARS,10,0%,0%,Unknown,,,,,,,,,0,0,0,0,0,10,0,0,0,0,10,0
sectores de la economía mundial,ARS,10,-100%,-100%,Unknown,,,,,,,,,10,10,10,20,0,10,10,0,10,10,0,0
los servicios financieros son,ARS,0,0%,0%,Unknown,,,,,,,,,0,0,0,0,0,0,0,0,0,0,0,0
financieros que es,ARS,590,0%,22%,Low,8,12.44,64.57,,,,,,480,590,480,590,590,390,480,480,720,720,720,720
grupo financiero sas,ARS,10,0%,0%,Unknown,,,,,,,,,0,0,10,0,0,0,0,0,10,0,0,0
financiero que hace,ARS,10,0%,∞,Low,14,,,,,,,,10,10,10,10,0,10,10,10,10,10,10,10
sector primario secundario y terciario pdf,ARS,10,0%,∞,Low,0,,,,,,,,0,10,10,10,0,10,10,0,0,10,0,10
servicios de asesoría financiera,ARS,10,0%,0%,High,86,,,,,,,,0,10,10,10,0,10,0,0,0,10,10,10
cuenta inversiones financieras,ARS,10,0%,∞,Medium,43,,,,,,,,0,0,0,0,0,0,0,0,0,10,10,10
sector terciario de la ganadería,ARS,10,0%,0%,Low,3,,,,,,,,10,20,10,0,10,10,0,0,10,10,10,10
eficiente sas compañia financiera,ARS,,--,--,Unknown,,,,,,,,,,,,,,,,,,,,
iudu compañía financiera,ARS,30,100%,-60%,Low,11,2.73,47.85,,,,,,40,50,40,40,40,30,30,10,20,10,20,20
10 instituciones financieras,ARS,0,0%,0%,Unknown,,,,,,,,,0,0,0,0,0,0,0,0,0,0,0,0
agricultura sector secundario,ARS,10,0%,0%,Low,2,,,,,,,,0,10,10,10,10,10,0,10,10,10,10,10
asesoria financiera para pymes,ARS,10,0%,-100%,Unknown,,,,,,,,,10,10,10,10,10,0,10,10,10,0,10,0
estados financieros banco falabella,ARS,0,0%,0%,Unknown,,,,,,,,,0,0,0,0,0,0,0,0,0,0,0,0
asesor financiero particulares,ARS,10,0%,∞,High,71,52.39,1507.64,,,,,,0,0,10,10,0,0,0,10,0,10,10,10
reba transatlantica compañia financiera,ARS,10,-100%,-100%,Unknown,,,,,,,,,10,10,10,10,10,10,10,20,20,10,0,0
adelante soluciones financieras contactos,ARS,,--,--,Unknown,,,,,,,,,,,,,,,,,,,,
emisores financieros,ARS,10,0%,∞,Low,0,,,,,,,,0,0,0,0,10,0,10,0,0,10,0,10
financiera grupo monge,ARS,10,0%,0%,Unknown,,,,,,,,,0,0,0,10,0,0,0,0,0,0,0,0
gestión de activos financieros,ARS,10,0%,∞,Medium,60,54.64,1117.04,,,,,,0,10,10,10,10,10,10,10,10,10,10,10
la auditoria financiera es,ARS,,--,--,Unknown,,,,,,,,,,,,,,,,,,,,
grupo financiero principal,ARS,10,0%,0%,Unknown,,,,,,,,,0,10,0,0,0,0,0,10,0,0,10,0
grupo financiero unión,ARS,20,0%,-50%,Medium,44,13.39,22.82,,,,,,20,20,10,30,30,20,30,40,10,10,10,10
bancaria y financiera,ARS,10,0%,0%,Medium,50,,,,,,,,0,10,10,0,10,10,10,10,10,10,10,10
consultoria administrativa y estrategia financiera,ARS,10,0%,0%,Unknown,,,,,,,,,0,0,0,10,0,0,10,10,0,0,0,0
telefono cordial compañia financiera,ARS,20,0%,-67%,Low,17,,,,,,,,20,20,20,30,20,30,10,10,10,10,10,10
telefono financiera,ARS,10,0%,0%,Unknown,,,,,,,,,0,10,10,0,0,0,10,0,0,0,0,0
asesor fiscal y financiero,ARS,10,0%,0%,Unknown,,,,,,,,,0,0,0,0,10,0,10,0,0,0,0,0
oxxo servicios financieros,ARS,10,-100%,-100%,Unknown,,,,,,,,,0,10,10,0,10,0,0,10,10,10,10,0
servicios financieros santander consumer,ARS,10,0%,0%,Unknown,,,,,,,,,0,0,0,0,0,0,10,0,0,0,0,0
estados financieros toyota,ARS,10,0%,0%,Low,7,,,,,,,,0,0,10,10,0,0,0,10,0,10,0,10
deudas en la superintendencia de bancos,ARS,,--,--,Unknown,,,,,,,,,,,,,,,,,,,,
consultoria administrativa y financiera,ARS,10,0%,-100%,Unknown,,,,,,,,,10,10,10,0,0,0,0,0,10,0,0,0
aspiria financiera,ARS,0,0%,0%,Unknown,,,,,,,,,0,0,0,0,0,0,0,0,0,0,0,0
economia de agricultura,ARS,10,0%,0%,Low,0,,,,,,,,10,10,10,10,10,10,10,0,0,10,10,10
cordial financiera teléfonos,ARS,10,∞,-67%,Low,10,,,,,,,,10,20,30,30,10,10,10,0,10,0,0,10
administracion bancaria y financiera en que consiste,ARS,10,0%,-100%,Unknown,,,,,,,,,0,0,0,0,10,0,0,0,0,0,0,0
crédito con instituciones financieras,ARS,0,0%,0%,Unknown,,,,,,,,,0,0,0,0,0,0,0,0,0,0,0,0
economía del sector público stiglitz 4ta edición pdf gratis,ARS,10,0%,0%,Low,2,,,,,,,,10,10,10,10,0,0,10,10,10,10,10,10
auditoria financiera y de gestion,ARS,10,0%,-100%,Unknown,,,,,,,,,0,0,0,0,10,0,0,0,0,0,0,0
entidades financieras bancarias,ARS,10,0%,0%,Low,16,,,,,,,,20,10,10,10,10,10,10,10,10,10,10,10
maxxa servicios financieros,ARS,10,∞,∞,Low,14,,,,,,,,0,0,0,0,0,0,0,0,0,0,0,10
fiscal financiero,ARS,10,0%,∞,Low,14,,,,,,,,10,10,0,0,10,0,0,0,10,10,0,10
fomento financiero,ARS,10,0%,0%,Unknown,,,,,,,,,0,0,0,10,10,0,0,0,0,0,0,0
asesores financieros que hacen,ARS,10,0%,0%,Unknown,,,,,,,,,10,0,0,0,0,10,10,10,10,0,10,0
pago financiero,ARS,10,0%,0%,Low,0,,,,,,,,10,10,10,10,10,10,10,10,10,10,10,10
grupo financiero came,ARS,,--,--,Unknown,,,,,,,,,,,,,,,,,,,,
cuenta intereses financieros,ARS,10,0%,0%,Unknown,,,,,,,,,10,0,10,10,10,0,10,0,0,0,0,0
negocios bancarios y financieros,ARS,10,0%,0%,High,86,,,,,,,,10,10,0,0,10,0,10,0,0,10,0,10
servicios financieros carrefour cif,ARS,0,0%,0%,Unknown,,,,,,,,,0,0,0,0,0,0,0,0,0,0,0,0
consultoria economica financiera,ARS,10,0%,0%,Medium,64,,,,,,,,10,10,10,10,10,10,10,10,10,10,10,10
asesor financiero quito,ARS,10,0%,0%,Unknown,,,,,,,,,0,0,0,0,0,0,0,0,0,0,10,0
administracion bancaria y financiera sise,ARS,0,0%,-100%,Unknown,,,,,,,,,0,0,0,0,0,0,0,0,0,0,0,0
descuentos comerciales y financieros,ARS,10,-50%,-50%,Low,23,118.33,891.58,,,,,,10,10,20,10,10,10,10,10,10,20,10,10
auditoria de financiera,ARS,0,0%,0%,Unknown,,,,,,,,,0,0,0,0,0,0,0,0,0,0,0,0
mi asesor financiero,ARS,10,∞,0%,Medium,57,,,,,,,,0,0,0,10,0,10,10,10,10,0,10,10
entidades financieras no reguladas,ARS,10,0%,0%,Unknown,,,,,,,,,10,10,0,0,0,0,10,0,0,0,0,0
auxiliar de servicios financieros,ARS,,--,--,Unknown,,,,,,,,,,,,,,,,,,,,
administración financiera y tributaria,ARS,10,0%,-100%,Unknown,,,,,,,,,0,0,10,10,0,0,0,0,0,0,0,0
financiera credi ya,ARS,10,∞,∞,Medium,49,22.73,133.69,,,,,,10,10,0,10,0,0,0,0,10,0,0,10
intermediarios no financieros,ARS,10,-100%,-100%,Unknown,,,,,,,,,0,0,0,10,10,0,0,10,10,10,0,0
servcafin,ARS,0,0%,0%,Unknown,,,,,,,,,0,0,0,0,0,0,0,0,0,0,0,0
banco financiero telefono,ARS,10,0%,0%,Low,26,,,,,,,,10,10,10,10,10,10,10,10,10,10,10,10
quala estados financieros,ARS,,--,--,Unknown,,,,,,,,,,,,,,,,,,,,
tricot servicios financieros,ARS,,--,--,Unknown,,,,,,,,,,,,,,,,,,,,
centro empresarial financiero,ARS,0,0%,0%,Unknown,,,,,,,,,0,0,0,0,0,0,0,0,0,0,0,0
estados financieros elektra,ARS,10,-100%,0%,Unknown,,,,,,,,,0,0,0,0,0,0,0,0,0,10,0,0
servicios financieros inbursa,ARS,,--,--,Unknown,,,,,,,,,,,,,,,,,,,,
3 instituciones financieras,ARS,0,0%,0%,Unknown,,,,,,,,,0,0,0,0,0,0,0,0,0,0,0,0
creditos y servicios financieros,ARS,10,0%,0%,Unknown,,,,,,,,,0,0,0,0,0,10,0,0,0,0,0,0
estados financieros de volkswagen,ARS,10,0%,-100%,Unknown,,,,,,,,,10,10,0,0,0,0,0,0,0,0,10,0
instituciones financieras que apoyan a emprendedores,ARS,10,-100%,0%,Unknown,,,,,,,,,0,0,0,0,0,0,0,0,10,10,0,0
asesoria financiera particulares,ARS,10,0%,-100%,Unknown,,,,,,,,,0,10,0,0,0,0,0,0,0,0,0,0
con que financiera trabaja carrefour,ARS,10,0%,0%,Unknown,,,,,,,,,10,10,10,0,0,10,10,10,10,0,10,0
contabilidad y gestión financiera,ARS,10,∞,400%,Medium,57,51.39,226.78,,,,,,10,10,10,10,10,0,10,10,10,0,10,50
instituciones financieras cuales son,ARS,10,∞,∞,Low,29,,,,,,,,0,10,0,10,0,10,0,0,0,0,10,10
analisis financiero bancario,ARS,10,0%,0%,Unknown,,,,,,,,,0,0,0,0,0,10,0,0,0,0,0,0
sector economico de una empresa de construccion,ARS,10,0%,0%,Unknown,,,,,,,,,0,0,0,0,10,0,0,0,10,0,0,0
sectores economicos mundiales,ARS,10,0%,-100%,Unknown,,,,,,,,,0,0,0,0,10,10,0,0,0,0,0,0
consultoria sector cuaternario,ARS,10,0%,∞,Low,0,,,,,,,,0,10,0,0,0,0,0,0,0,10,10,10
la economia primaria,ARS,10,∞,0%,Low,0,,,,,,,,0,0,10,10,10,10,0,0,0,0,0,10
sector economico de claro,ARS,10,0%,-100%,Unknown,,,,,,,,,0,0,0,0,0,0,0,0,10,0,0,0
sector agropecuario economia,ARS,10,∞,0%,Low,0,,,,,,,,0,10,10,10,10,0,0,0,10,0,0,10
sectores de la economia social,ARS,10,0%,0%,Low,0,,,,,,,,10,10,10,20,10,10,0,10,10,10,10,10